speed,d_lat,throttle,brake,steer,ego_fwd,road_fwd,collision,off_road,steer_delta,idling,route_progress_pct
7.056000995635986,0.4308639466762543,0.10000000149011612,0.0,0.17683219919290416,[-1.00000000e+00  4.20411152e-06],[-1.00000000e+00  1.21982892e-04],False,False,0.17683219919290416,False,0
1.5366917252572103,0.36599472165107727,0.180000002682209,0.0,0.17683219919290416,[-1.00000000e+00  4.20411152e-06],[-1.00000000e+00  1.21982892e-04],False,False,0.0,False,0
0.16774728298230335,0.35409313440322876,0.24400000363588334,0.0,0.1768321991287545,[-1.00000000e+00  4.20411152e-06],[-1.00000000e+00  1.21982892e-04],False,False,-6.414965780798809e-11,False,0
0.3717096447946493,0.35476186871528625,0.29520000439882277,0.0,0.1768321991287545,[-1.00000000e+00  4.20411152e-06],[-1.00000000e+00  1.21982892e-04],False,False,0.0,False,0
0.2668706774713746,0.3541557192802429,0.3361600050091743,0.0,0.1768321991287545,[-1.00000000e+00  4.20411152e-06],[-1.00000000e+00  1.21982892e-04],False,False,0.0,False,0
0.1524468630577942,0.35379844903945923,0.3689280054974556,0.0,0.1768321991287545,[-1.00000000e+00  4.20411152e-06],[-1.00000000e+00  1.21982892e-04],False,False,0.0,False,0
0.07858777865865799,0.3536887764930725,0.3951424058880806,0.0,0.1768321991287545,[-1.00000000e+00  4.20411152e-06],[-1.00000000e+00  1.21982892e-04],False,False,0.0,False,0
0.038191943988289574,0.353666216135025,0.41611392620058063,0.0,0.1768321991287545,[-1.00000000e+00  4.20411152e-06],[-1.00000000e+00  1.21982892e-04],False,False,0.0,False,0
0.017860404038703315,0.3536645770072937,0.43289114245058063,0.0,0.1768321991287545,[-1.00000000e+00  4.20411152e-06],[-1.00000000e+00  1.21982892e-04],False,False,0.0,False,0
0.008126380886859248,0.3536660671234131,0.44631291545058066,0.0,0.1768321991287545,[-1.00000000e+00  4.20411152e-06],[-1.00000000e+00  1.21982892e-04],False,False,0.0,False,0
0.0015253486463065302,0.3536671996116638,0.4570503338505807,0.0,0.1768321991287545,[-1.00000000e+00  4.20411152e-06],[-1.00000000e+00  1.21982892e-04],False,False,0.0,False,0
0.001928581207839965,0.353667676448822,0.4656402685705807,0.0,0.1768321991287545,[-1.00000000e+00  4.20411152e-06],[-1.00000000e+00  1.21982892e-04],False,False,0.0,False,0
0.0012838553753766985,0.3536679148674011,0.4725122163465807,0.0,0.1768321991287545,[-1.00000000e+00  4.20411152e-06],[-1.00000000e+00  1.21982892e-04],False,False,0.0,False,0
3.4395532630607555,0.35366812348365784,0.4780097745673807,0.0,0.1768321991287545,[-1.00000000e+00  4.20411152e-06],[-1.00000000e+00  1.21982892e-04],False,False,0.0,False,0
6.258123779171176,0.35238468647003174,0.4824078211440207,0.0,0.17520420458110308,[-0.99999624 -0.00267854],[-1.00000000e+00  1.21982892e-04],False,False,-0.001627994547651418,False,0
7.572482464604447,0.3821592628955841,0.4859262584053327,0.0,0.16926571222491305,[-0.99993205 -0.01159752],[-1.00000000e+00  1.21982892e-04],False,False,-0.005938492356190039,False,0
8.49616011206199,0.4915255010128021,0.4887410082143823,0.0,0.1627869471735437,[-0.99970174 -0.02439533],[-1.00000000e+00  1.21982892e-04],False,False,-0.006478765051369351,False,0
9.27221904794128,0.6673300266265869,0.490992808061622,0.0,0.15716804249279903,[-0.99925399 -0.0386091 ],[-1.00000000e+00  1.21982892e-04],False,False,-0.005618904680744663,False,0
9.989837116775414,0.8863590359687805,0.49279424793941373,0.0,0.1529328851841001,[-0.99856281 -0.05358883],[-1.00000000e+00  1.21982892e-04],False,False,-0.004235157308698945,False,0
10.685651172380576,0.9141974449157715,0.4942353998416471,0.0,0.08114043175817187,[-0.99760276 -0.069198  ],[-1.00000000e+00  1.21982892e-04],False,False,-0.07179245342592822,False,0
11.353169527616966,0.6285930275917053,0.4953883213634338,0.0,0.07004359307074992,[-0.99681318 -0.07976979],[-1.00000000e+00  1.21982892e-04],False,False,-0.01109683868742195,False,0
12.003513278310818,0.3309937119483948,0.4963106585808632,0.0,0.0625746065165913,[-0.99609578 -0.08827758],[-1.00000000e+00  1.21982892e-04],False,False,-0.007468986554158619,False,0
12.623378892399222,0.11530793458223343,0.49704852835480673,0.0,0.05691732802961269,[-0.99536276 -0.09619112],[-1.00000000e+00  1.21982892e-04],False,False,-0.005657278486978612,False,0
13.21369849231221,0.37578606605529785,0.49763882417396155,0.0,0.05280098783731546,[-0.99461186 -0.10366844],[-1.00000000e+00  1.21982892e-04],False,False,-0.00411634019229723,False,0
13.804493924177859,0.7263475060462952,0.49811106082928536,0.0,0.050096856784080046,[-0.99384207 -0.11080534],[-1.00000000e+00  1.21982892e-04],False,False,-0.0027041310532354146,False,0
14.350159988439309,0.9020417928695679,0.49848885015354444,0.0,-0.06918745086431954,[-0.9930349  -0.11782005],[-1.00000000e+00  1.21982892e-04],False,False,-0.11928430764839959,False,0
14.911808645389831,0.517235517501831,0.4987910816129517,0.0,-0.06535978899438533,[-0.99359441 -0.11300468],[-1.00000000e+00  1.21982892e-04],False,False,0.003827661869934218,False,0
15.457768375130025,0.1495666354894638,0.49903286678047754,0.0,-0.05785974962770979,[-0.99465674 -0.10323662],[-1.00000000e+00  1.21982892e-04],False,False,0.007500039366675537,False,0
15.986800899533408,0.3430190086364746,0.49922629491449816,0.0,-0.05253848392811733,[-0.99557143 -0.09400714],[-1.00000000e+00  1.21982892e-04],False,False,0.005321265699592459,False,0
16.499247053774983,0.7692543864250183,0.4993810374217147,0.0,-0.04943098155251846,[-0.9963488  -0.08537511],[-1.00000000e+00  1.21982892e-04],False,False,0.0031075023755988695,False,0
16.945721038049207,0.819654643535614,0.4995048314274879,0.0,-0.12552147792916912,[-0.9970265 -0.077059 ],[-1.00000000e+00  1.21982892e-04],False,False,-0.07609049637665066,False,0
17.42941436914822,0.38952991366386414,0.4996038666321065,0.0,-0.1110215509164334,[-0.99819243 -0.06009785],[-1.00000000e+00  1.21982892e-04],False,False,0.014499927012735725,False,0
17.898337483813943,0.24908451735973358,0.4996830947958013,0.0,-0.09825194330301201,[-0.99917632 -0.04057762],[-1.00000000e+00  1.21982892e-04],False,False,0.012769607613421385,False,0
18.344833860768173,0.6654936671257019,0.4997464773267572,0.0,-0.09077391677257651,[-0.9997431  -0.02266204],[-1.00000000e+00  1.21982892e-04],False,False,0.0074780265304355,False,0
18.198215871542857,0.8794170022010803,0.4997971833515219,0.0,-0.0928386291686536,[-0.99998838 -0.00481333],[-1.00000000e+00  1.21982892e-04],False,False,-0.002064712396077084,False,0
18.323980836889646,0.3905656635761261,0.49983774817133364,0.0,-0.0777333502395976,[-0.99992496  0.01224836],[-1.00000000e+00  1.21982892e-04],False,False,0.015105278929055999,False,0
18.173760635075038,0.1991417407989502,0.4998702000271831,0.0,-0.0683279656579856,[-0.99962825  0.02726447],[-1.00000000e+00  1.21982892e-04],False,False,0.009405384581611997,False,0
18.05928772088543,0.6645262241363525,0.4998961615118626,0.0,-0.06351410715905104,[-0.99918085  0.04046709],[-1.00000000e+00  1.21982892e-04],False,False,0.0048138584989345645,False,0
18.085528111944274,0.8432273864746094,0.49991693069960624,0.0,-0.010077492902269114,[-0.99861729  0.05256866],[-1.00000000e+00  1.21982892e-04],False,False,0.05343661425678192,False,0
18.198211952016777,0.3403712511062622,0.4999335460498011,0.0,-0.005361330975716783,[-0.99832028  0.05793678],[-1.00000000e+00  1.21982892e-04],False,False,0.004716161926552331,False,0
18.360528189373404,0.1651315540075302,0.499946838329957,0.0,-0.0042273188065280465,[-0.99822104  0.05962211],[-1.00000000e+00  1.21982892e-04],False,False,0.0011340121691887362,False,0
18.549910364485413,0.6739875674247742,0.49995747215408176,0.0,-0.0038677177842885158,[-0.99816424  0.06056549],[-1.00000000e+00  1.21982892e-04],False,False,0.0003596010222395307,False,0
18.73223029610415,0.816408634185791,0.49996597921338154,0.0,0.057415874292019,[-0.99811679  0.06134248],[-1.00000000e+00  1.21982892e-04],False,False,0.061283592076307514,False,0
18.93799826103955,0.308362752199173,0.49997278486082136,0.0,0.05241224295673419,[-0.99850589  0.05464421],[-1.00000000e+00  1.21982892e-04],False,False,-0.005003631335284808,False,0
19.150953329019178,0.25152459740638733,0.49997822937877323,0.0,0.046924628535606416,[-0.99902767  0.04408709],[-1.00000000e+00  1.21982892e-04],False,False,-0.005487614421127773,False,0
19.36266978979282,0.7678461074829102,0.49998258499313475,0.0,0.04428398985484705,[-0.9994114   0.03430543],[-1.00000000e+00  1.21982892e-04],False,False,-0.0026406386807593663,False,0
19.562148400299915,0.7148541808128357,0.49998606948462393,0.0,0.06947690078618507,[-0.99967873  0.02534658],[-1.00000000e+00  1.21982892e-04],False,False,0.02519291093133802,False,0
19.770286794175323,0.20190639793872833,0.49998885707781526,0.0,0.06087429437012304,[-0.99991053  0.01337742],[-1.00000000e+00  1.21982892e-04],False,False,-0.00860260641606203,False,0
19.976277953393744,0.400438129901886,0.49999108715236834,0.0,0.05519296652636285,[-9.99999642e-01  8.32470134e-04],[-1.00000000e+00  1.21982892e-04],False,False,-0.005681327843760187,False,0
20.177987965983295,0.9428607225418091,0.4999928712120108,0.0,0.05311866081083849,[-0.99994224 -0.01074905],[-1.00000000e+00  1.21982892e-04],False,False,-0.0020743057155243605,False,0
20.380806720112243,0.5090728402137756,0.49999429845972476,0.0,0.03211506099347616,[-0.99975729 -0.02203111],[-1.00000000e+00  1.21982892e-04],False,False,-0.02100359981736233,False,0
20.57853697708556,0.07994263619184494,0.49999544025789594,0.0,0.02688873367958422,[-0.99953824 -0.03038502],[-1.00000000e+00  1.21982892e-04],False,False,-0.005226327313891943,False,0
20.77272509848541,0.6309160590171814,0.4999963536964329,0.0,0.02478822618863319,[-0.99932981 -0.03660544],[-1.00000000e+00  1.21982892e-04],False,False,-0.0021005074909510313,False,0
20.958041961909284,0.7946666479110718,0.4999970844472625,0.0,-0.017638283603105265,[-0.99911487 -0.04206575],[-1.00000000e+00  1.21982892e-04],False,False,-0.042426509791738454,False,0
21.14533455894255,0.21587735414505005,0.49999766904792614,0.0,-0.017532810388530606,[-0.99913102 -0.04167914],[-1.00000000e+00  1.21982892e-04],False,False,0.00010547321457465841,False,0
21.330569770718224,0.3743598461151123,0.49999813672845705,0.0,-0.016099857465405876,[-0.99926525 -0.03832656],[-1.00000000e+00  1.21982892e-04],False,False,0.0014329529231247307,False,0
21.51299323069137,0.9646337628364563,0.4999985108728818,0.0,-0.015571259273883697,[-0.99939531 -0.03477126],[-1.00000000e+00  1.21982892e-04],False,False,0.0005285981915221782,False,0
21.6826972341321,0.448810338973999,0.49999881018842157,0.0,-0.04751564441374967,[-0.99950957 -0.03131441],[-1.00000000e+00  1.21982892e-04],False,False,-0.03194438513986597,False,0
21.858261456294724,0.1836431622505188,0.4999990496408534,0.0,-0.043398640577265724,[-0.99972045 -0.02364287],[-1.00000000e+00  1.21982892e-04],False,False,0.004117003836483946,False,0
22.031874219484106,0.7713367342948914,0.49999924120279887,0.0,-0.04105963654359357,[-0.99990058 -0.01410119],[-1.00000000e+00  1.21982892e-04],False,False,0.002339004033672154,False,0
22.200665029345416,0.6299283504486084,0.49999939445235525,0.0,-0.04650747178817127,[-0.99998856 -0.00478829],[-1.00000000e+00  1.21982892e-04],False,False,-0.005447835244577703,False,0
22.369591388346365,0.08089359849691391,0.49999951705200035,0.0,-0.04021816862239902,[-0.99998665  0.00516976],[-1.00000000e+00  1.21982892e-04],False,False,0.006289303165772253,False,0
22.53554403187799,0.6155470609664917,0.4999996151317164,0.0,-0.0371254807342325,[-0.99989182  0.01471028],[-1.00000000e+00  1.21982892e-04],False,False,0.003092687888166523,False,0
22.700221096188667,0.7646958231925964,0.4999996935954893,0.0,-0.01367821155746185,[-0.99972445  0.02347436],[-1.00000000e+00  1.21982892e-04],False,False,0.023447269176770646,False,0
22.861220910054712,0.13630911707878113,0.49999975636650756,0.0,-0.009973252045980985,[-0.99958736  0.02872564],[-1.00000000e+00  1.21982892e-04],False,False,0.0037049595114808653,False,0
23.019410156847734,0.4994574785232544,0.4999998065833222,0.0,-0.008844771661188133,[-0.99949861  0.03166209],[-1.00000000e+00  1.21982892e-04],False,False,0.0011284803847928515,False,0
23.168636872930815,0.8627128005027771,0.4999998467567739,0.0,0.025079774425989854,[-0.99942464  0.03391679],[-1.00000000e+00  1.21982892e-04],False,False,0.03392454608717799,False,0
23.32073316638807,0.22359231114387512,0.49999987889553527,0.0,0.023144242664642434,[-0.9995141   0.03117024],[-1.00000000e+00  1.21982892e-04],False,False,-0.0019355317613474199,False,0
23.471124086219184,0.42998671531677246,0.49999990460654437,0.0,0.0210371801098006,[-0.99966228  0.02598747],[-1.00000000e+00  1.21982892e-04],False,False,-0.002107062554841832,False,0
23.612821641229374,0.9245010018348694,0.49999992517535163,0.0,0.04134369443242747,[-0.99978274  0.02084382],[-1.00000000e+00  1.21982892e-04],False,False,0.020306514322626867,False,0
23.758096412763745,0.27565035223960876,0.49999994163039746,0.0,0.035398900588532456,[-0.99991685  0.01289728],[-1.00000000e+00  1.21982892e-04],False,False,-0.005944793843895013,False,0
23.90135543270462,0.3972267508506775,0.4999999547944341,0.0,0.03170697674979195,[-0.99999136  0.00415935],[-1.00000000e+00  1.21982892e-04],False,False,-0.0036919238387405073,False,0
24.042510684081513,0.9468428492546082,0.49999996532566343,0.0,0.02700955627761914,[-0.99999255 -0.00385513],[-1.00000000e+00  1.21982892e-04],False,False,-0.0046974204721728086,False,0
24.181461078534983,0.2819432318210602,0.49999997375064686,0.0,0.02168803269505304,[-0.99994063 -0.01089852],[-1.00000000e+00  1.21982892e-04],False,False,-0.005321523582566101,False,0
24.317790951481737,0.3939962387084961,0.49999998049063366,0.0,0.01923076976561333,[-0.99985933 -0.01677259],[-1.00000000e+00  1.21982892e-04],False,False,-0.0024572629294397075,False,0
24.45094917216959,0.9328787326812744,0.49999998588262307,0.0,-0.0031052869597942845,[-0.999762   -0.02181491],[-1.00000000e+00  1.21982892e-04],False,False,-0.022336056725407616,False,0
24.582427428233935,0.2544589638710022,0.4999999901962146,0.0,-0.0042083746164109925,[-0.99972868 -0.02329202],[-1.00000000e+00  1.21982892e-04],False,False,-0.001103087656616708,False,0
24.71185051366552,0.42794790863990784,0.4999999936470878,0.0,-0.003948380099558335,[-0.99974245 -0.02269398],[-1.00000000e+00  1.21982892e-04],False,False,0.0002599945168526574,False,0
24.834773275091997,0.8873674273490906,0.49999999640778636,0.0,-0.025758426981610683,[-0.99976349 -0.02174889],[-1.00000000e+00  1.21982892e-04],False,False,-0.021810046882052347,False,0
24.959299072712614,0.20200811326503754,0.49999999861634525,0.0,-0.02276069240843981,[-0.9998467  -0.01750943],[-1.00000000e+00  1.21982892e-04],False,False,0.0029977345731708738,False,0
25.082123672836953,0.4973684251308441,0.5000000003831924,0.0,-0.020686351183485385,[-0.99993002 -0.01183068],[-1.00000000e+00  1.21982892e-04],False,False,0.0020743412249544235,False,0
25.201278300160173,0.810268759727478,0.50000000179667,0.0,-0.027147097116341,[-0.9999795  -0.00640594],[-1.00000000e+00  1.21982892e-04],False,False,-0.006460745932855616,False,0
25.320020214338566,0.11858905106782913,0.5000000029274522,0.0,-0.023015254118400108,[-1.0000000e+00 -1.6132195e-04],[-1.00000000e+00  1.21982892e-04],False,False,0.004131842997940893,False,0
25.436676128914723,0.5947181582450867,0.5000000038320779,0.0,-0.02109637074658366,[-0.99998188  0.00602138],[-1.00000000e+00  1.21982892e-04],False,False,0.0019188833718164489,False,0
25.551964182981187,0.7011151313781738,0.5000000045557784,0.0,-0.009812299456370965,[-0.99993199  0.0116638 ],[-1.00000000e+00  1.21982892e-04],False,False,0.011284071290212694,False,0
25.664838368311333,0.01740385964512825,0.5000000051347389,0.0,-0.007578326392234658,[-0.99988133  0.01540544],[-1.00000000e+00  1.21982892e-04],False,False,0.0022339730641363076,False,0
25.7756255545436,0.7209353446960449,0.5000000055979072,0.0,-0.007024580366177702,[-0.99984169  0.01779454],[-1.00000000e+00  1.21982892e-04],False,False,0.000553746026056956,False,0
25.882569189515618,0.5638264417648315,0.500000005968442,0.0,0.012359806846120591,[-0.99980503  0.01974684],[-1.00000000e+00  1.21982892e-04],False,False,0.019384387212298293,False,0
25.9891551053992,0.1570110321044922,0.5000000062648697,0.0,0.011742766538077376,[-0.99982673  0.01861408],[-1.00000000e+00  1.21982892e-04],False,False,-0.0006170403080432152,False,0
26.0940980656928,0.8769909143447876,0.5000000065020119,0.0,0.011237752289972036,[-0.99987501  0.01581189],[-1.00000000e+00  1.21982892e-04],False,False,-0.0005050142481053399,False,0
26.19454476285901,0.40176987648010254,0.5000000066917256,0.0,0.024546333006753684,[-0.99991745  0.01285056],[-1.00000000e+00  1.21982892e-04],False,False,0.013308580716781648,False,0
26.29543742912533,0.33132022619247437,0.5000000068434967,0.0,0.022346166282176227,[-0.9999693   0.00783808],[-1.00000000e+00  1.21982892e-04],False,False,-0.002200166724577457,False,0
26.3942676133885,0.9430922865867615,0.5000000069649135,0.0,0.023728117661002912,[-0.99999809  0.00194135],[-1.00000000e+00  1.21982892e-04],False,False,0.0013819513788266846,False,0
26.49223404504426,0.21291224658489227,0.500000007062047,0.0,0.019419638946516216,[-0.99999124 -0.00418415],[-1.00000000e+00  1.21982892e-04],False,False,-0.0043084787144866965,False,0
26.588333635010763,0.5272225141525269,0.5000000071397537,0.0,0.017557491893512633,[-0.99995208 -0.00978779],[-1.00000000e+00  1.21982892e-04],False,False,-0.0018621470530035822,False,0
26.682927735139753,0.7356637716293335,0.5000000072019191,0.0,0.0028881318858111626,[-0.99989122 -0.01474747],[-1.00000000e+00  1.21982892e-04],False,False,-0.01466936000770147,False,0
26.77569624999372,0.006321261171251535,0.5000000072516514,0.0,0.0014837076346623235,[-0.99985218 -0.0171931 ],[-1.00000000e+00  1.21982892e-04],False,False,-0.0014044242511488392,False,0
26.866799468213546,0.7488287687301636,0.5000000072914372,0.0,0.001353372297074884,[-0.99983752 -0.01802577],[-1.00000000e+00  1.21982892e-04],False,False,-0.00013033533758743943,False,0
26.953687896286237,0.505914568901062,0.500000007323266,0.0,-0.01715005650993362,[-0.99982923 -0.01847868],[-1.00000000e+00  1.21982892e-04],False,False,-0.018503428807008504,False,0
27.041040272902883,0.24576044082641602,0.500000007348729,0.0,-0.01590286276687891,[-0.99987292 -0.01594181],[-1.00000000e+00  1.21982892e-04],False,False,0.0012471937430547086,False,0
27.127081506773138,0.9950117468833923,0.5000000073690993,0.0,-0.0154464568102739,[-0.9999299  -0.01184141],[-1.00000000e+00  1.21982892e-04],False,False,0.0004564059566050105,False,0
27.209691535136045,0.2568698525428772,0.5000000073853956,0.0,-0.02436365126408191,[-0.99997091 -0.00762637],[-1.00000000e+00  1.21982892e-04],False,False,-0.008917194453808008,False,0
27.2923944657827,0.5052033066749573,0.5000000073984326,0.0,-0.02243281491364968,[-0.99999797 -0.00200716],[-1.00000000e+00  1.21982892e-04],False,False,0.0019308363504322301,False,0
27.374185885937663,0.7400221824645996,0.5000000074088622,0.0,-0.01860884574374211,[-0.99999136  0.00416364],[-1.00000000e+00  1.21982892e-04],False,False,0.0038239691699075706,False,0
27.45453840535719,0.03733072057366371,0.500000007417206,0.0,-0.015409027874149217,[-0.99995291  0.00970364],[-1.00000000e+00  1.21982892e-04],False,False,0.0031998178695928914,False,0
27.533238598485543,0.7839099168777466,0.5000000074238808,0.0,-0.01451287074586105,[-0.99989659  0.01438059],[-1.00000000e+00  1.21982892e-04],False,False,0.0008961571282881664,False,0
27.61010347260449,0.45176053047180176,0.5000000074292208,0.0,0.0031184356323308293,[-0.99982774  0.01855926],[-1.00000000e+00  1.21982892e-04],False,False,0.01763130637819188,False,0
27.685957769796754,0.31527578830718994,0.5000000074334927,0.0,0.003565893066607373,[-0.9998045   0.01977378],[-1.00000000e+00  1.21982892e-04],False,False,0.0004474574342765436,False,0
27.75688237806154,0.9165512323379517,0.5000000074369103,0.0,0.022522193175063876,[-0.99981588  0.01918905],[-1.00000000e+00  1.21982892e-04],False,False,0.018956300108456503,False,0
27.82952080853094,0.1499595046043396,0.5000000074396445,0.0,0.01981649156795129,[-0.99988401  0.01522926],[-1.00000000e+00  1.21982892e-04],False,False,-0.0027057016071125872,False,0
27.901194090079233,0.6292414665222168,0.5000000074418317,0.0,0.018244050703586367,[-0.99995202  0.00979709],[-1.00000000e+00  1.21982892e-04],False,False,-0.0015724408643649213,False,0
27.97037449901589,0.5988214015960693,0.5000000074435815,0.0,0.023261663623006967,[-0.99998969  0.00454106],[-1.00000000e+00  1.21982892e-04],False,False,0.0050176129194206,False,0
28.038876531823874,0.18423375487327576,0.5000000074449813,0.0,0.020306552200555217,[-0.99999905 -0.00138989],[-1.00000000e+00  1.21982892e-04],False,False,-0.0029551114224517505,False,0
28.106900224203113,0.9590843915939331,0.5000000074461012,0.0,0.019609900784459455,[-0.9999696  -0.00779803],[-1.00000000e+00  1.21982892e-04],False,False,-0.0006966514160957615,False,0
28.17423365436937,0.26145222783088684,0.500000007446997,0.0,0.007478956934512837,[-0.999906   -0.01371213],[-1.00000000e+00  1.21982892e-04],False,False,-0.012130943849946618,False,0
28.23989787652754,0.521760106086731,0.5000000074477138,0.0,0.0063758618091327435,[-0.99984974 -0.01733494],[-1.00000000e+00  1.21982892e-04],False,False,-0.0011030951253800936,False,0
28.302168098474308,0.6940397024154663,0.5000000074482871,0.0,-0.013047132626724078,[-0.99980921 -0.0195323 ],[-1.00000000e+00  1.21982892e-04],False,False,-0.019422994435856822,False,0
28.364932746924687,0.09589505195617676,0.5000000074487458,0.0,-0.012236984115673977,[-0.99983352 -0.0182446 ],[-1.00000000e+00  1.21982892e-04],False,False,0.0008101485110501017,False,0
28.426812083974593,0.8809372782707214,0.5000000074491129,0.0,-0.01167774025942947,[-0.99988604 -0.0150972 ],[-1.00000000e+00  1.21982892e-04],False,False,0.0005592438562445068,False,0
28.484786765532615,0.33316460251808167,0.5000000074494064,0.0,-0.02437711272905574,[-0.99993074 -0.01176846],[-1.00000000e+00  1.21982892e-04],False,False,-0.012699372469626269,False,0
28.543860197947783,0.4637167155742645,0.5000000074496413,0.0,-0.022428815914921074,[-0.99997962 -0.00638138],[-1.00000000e+00  1.21982892e-04],False,False,0.0019482968141346646,False,0
28.601777835133824,0.747139573097229,0.5000000074498292,0.0,-0.022827988314120057,[-1.00000000e+00 -3.80595484e-05],[-1.00000000e+00  1.21982892e-04],False,False,-0.0003991723991989826,False,0
28.659335428684507,0.06200883165001869,0.5000000074499795,0.0,-0.01923532973935238,[-0.99997944  0.0064088 ],[-1.00000000e+00  1.21982892e-04],False,False,0.0035926585747676765,False,0
28.715600792296744,0.8453949689865112,0.5000000074500998,0.0,-0.01832231966729836,[-0.999924    0.01232775],[-1.00000000e+00  1.21982892e-04],False,False,0.0009130100720540213,False,0
28.77124388717699,0.3575019836425781,0.500000007450196,0.0,-0.0020335284033876633,[-0.99984235  0.01775711],[-1.00000000e+00  1.21982892e-04],False,False,0.016288791263910696,False,0
28.825721618843268,0.441901832818985,0.500000007450273,0.0,-0.0012007138685845575,[-0.99979258  0.0203678 ],[-1.00000000e+00  1.21982892e-04],False,False,0.0008328145348031057,False,0
28.875640773575046,0.7578091025352478,0.5000000074503346,0.0,0.01970512875084296,[-0.99977577  0.02117514],[-1.00000000e+00  1.21982892e-04],False,False,0.020905842619427517,False,0
28.92741700196105,0.057832203805446625,0.5000000074503839,0.0,0.017872335823000185,[-0.99983501  0.01816355],[-1.00000000e+00  1.21982892e-04],False,False,-0.0018327929278427746,False,0
28.978591279006015,0.8496716618537903,0.5000000074504232,0.0,0.01698796669662528,[-0.99991208  0.01326037],[-1.00000000e+00  1.21982892e-04],False,False,-0.0008843691263749065,False,0
29.02648225761959,0.3499487042427063,0.5000000074504547,0.0,0.02636243600773014,[-0.99996561  0.00829249],[-1.00000000e+00  1.21982892e-04],False,False,0.00937446931110486,False,0
29.075385635401446,0.4627472460269928,0.5000000074504799,0.0,0.024068842061211626,[-0.99999833  0.00183192],[-1.00000000e+00  1.21982892e-04],False,False,-0.002293593946518513,False,0
29.12422040762549,0.7331873178482056,0.5000000074505,0.0,0.019110763218385785,[-0.99998647 -0.00520266],[-1.00000000e+00  1.21982892e-04],False,False,-0.0049580788428258415,False,0
29.172102671750547,0.0830952450633049,0.5000000074505162,0.0,0.015826090717119712,[-0.99993539 -0.01136794],[-1.00000000e+00  1.21982892e-04],False,False,-0.0032846725012660727,False,0
29.218812459049698,0.8877611756324768,0.5000000074505291,0.0,0.015205765079372213,[-0.9998641  -0.01648486],[-1.00000000e+00  1.21982892e-04],False,False,-0.0006203256377474986,False,0
29.26406213247832,0.3007182478904724,0.5000000074505394,0.0,-0.004687231774418876,[-0.99977779 -0.0210798 ],[-1.00000000e+00  1.21982892e-04],False,False,-0.01989299685379109,False,0
29.309061344869633,0.512718677520752,0.5000000074505477,0.0,-0.004916937509840125,[-0.99975282 -0.02223347],[-1.00000000e+00  1.21982892e-04],False,False,-0.0002297057354212484,False,0
29.348348702908428,0.6745543479919434,0.5000000074505544,0.0,-0.026258078601721024,[-0.99977368 -0.02127526],[-1.00000000e+00  1.21982892e-04],False,False,-0.0213411410918809,False,0
29.39083509386415,0.15042929351329803,0.5000000074505597,0.0,-0.02362096075243869,[-0.99986571 -0.01638736],[-1.00000000e+00  1.21982892e-04],False,False,0.0026371178492823333,False,0
29.432872565603066,0.9602771401405334,0.5000000074505639,0.0,-0.022841290452237928,[-0.99995333 -0.00966072],[-1.00000000e+00  1.21982892e-04],False,False,0.0007796703002007632,False,0
29.47268072309508,0.23016443848609924,0.5000000074505673,0.0,-0.027967085076507914,[-0.99999577 -0.00291744],[-1.00000000e+00  1.21982892e-04],False,False,-0.005125794624269986,False,0
29.513050110973456,0.5975698828697205,0.5000000074505699,0.0,-0.025856368456311785,[-0.99998927  0.00462665],[-1.00000000e+00  1.21982892e-04],False,False,0.002110716620196129,False,0
29.55424411801524,0.5855400562286377,0.5000000074505722,0.0,-0.01465700964494232,[-0.99992377  0.01234873],[-1.00000000e+00  1.21982892e-04],False,False,0.011199358811369464,False,0
29.594034824278282,0.2375575751066208,0.5000000074505739,0.0,-0.01212515041923723,[-0.99983627  0.01809656],[-1.00000000e+00  1.21982892e-04],False,False,0.002531859225705091,False,0
29.631082331941034,0.9411032199859619,0.5000000074505753,0.0,0.01007465194714996,[-0.99975246  0.02224921],[-1.00000000e+00  1.21982892e-04],False,False,0.02219980236638719,False,0
29.668848926053148,0.11908242851495743,0.5000000074505764,0.0,0.009849468968475605,[-0.99975336  0.02220988],[-1.00000000e+00  1.21982892e-04],False,False,-0.00022518297867435422,False,0
29.706201779795702,0.7072747349739075,0.5000000074505773,0.0,0.009141446781271156,[-0.9998039  0.0198019],[-1.00000000e+00  1.21982892e-04],False,False,-0.000708022187204449,False,0
29.73865772064207,0.47020307183265686,0.5000000074505779,0.0,0.026581184344323106,[-0.99985379  0.01709941],[-1.00000000e+00  1.21982892e-04],False,False,0.01743973756305195,False,0
29.77372448315665,0.3622561991214752,0.5000000074505785,0.0,0.024261785774729816,[-0.99993408  0.01148357],[-1.00000000e+00  1.21982892e-04],False,False,-0.0023193985695932895,False,0
29.807017757152817,0.8159366250038147,0.5000000074505789,0.0,0.028612215907129368,[-0.99999017  0.00442852],[-1.00000000e+00  1.21982892e-04],False,False,0.004350430132399552,False,0
29.84150380469228,0.050273556262254715,0.5000000074505793,0.0,0.02412363907719417,[-0.99999404 -0.0034472 ],[-1.00000000e+00  1.21982892e-04],False,False,-0.004488576829935198,False,0
29.875094502159946,0.844228208065033,0.5000000074505795,0.0,0.02299272907426797,[-0.99993891 -0.0110511 ],[-1.00000000e+00  1.21982892e-04],False,False,-0.0011309100029261998,False,0
29.90923682144,0.32705992460250854,0.5000000074505797,0.0,0.006696101640791596,[-0.99983633 -0.01809275],[-1.00000000e+00  1.21982892e-04],False,False,-0.016296627433476374,False,0
29.942203757038264,0.5045047402381897,0.5000000074505799,0.0,0.005524591843325766,[-0.99975312 -0.02221869],[-1.00000000e+00  1.21982892e-04],False,False,-0.0011715097974658306,False,0
29.970609366781833,0.6639343500137329,0.5000000074505802,0.0,-0.018635162235938196,[-0.9997021  -0.02440726],[-1.00000000e+00  1.21982892e-04],False,False,-0.024159754079263962,False,0
30.00142200311241,0.17348657548427582,0.5000000074505803,0.0,-0.017274926675007407,[-0.9997561  -0.02208402],[-1.00000000e+00  1.21982892e-04],False,False,0.0013602355609307892,False,0
30.02654388886294,0.9983919858932495,0.5000000074505804,0.0,-0.034234164585292604,[-0.99984944 -0.01735258],[-1.00000000e+00  1.21982892e-04],False,False,-0.016959237910285196,False,0
30.05616892307335,0.1720392405986786,0.5000000074505804,0.0,-0.028911399796047732,[-0.99995536 -0.00944663],[-1.00000000e+00  1.21982892e-04],False,False,0.0053227647892448715,False,0
30.085472745874736,0.674932062625885,0.5000000074505804,0.0,-0.026746355249447795,[-9.99999821e-01 -5.79508138e-04],[-1.00000000e+00  1.21982892e-04],False,False,0.002165044546599937,False,0
30.113834305310544,0.4932139813899994,0.5000000074505804,0.0,-0.020707076300254812,[-0.99997026  0.00771411],[-1.00000000e+00  1.21982892e-04],False,False,0.006039278949192983,False,0
30.143317812975287,0.3469425439834595,0.5000000074505804,0.0,-0.01756477908699594,[-0.99987602  0.01574776],[-1.00000000e+00  1.21982892e-04],False,False,0.003142297213258871,False,0
30.17087281037582,0.8168765902519226,0.5000000074505804,0.0,0.004271858194130118,[-0.99975359  0.02219772],[-1.00000000e+00  1.21982892e-04],False,False,0.02183663728112606,False,0
30.19847571547997,0.02402135170996189,0.5000000074505804,0.0,0.005018367705716287,[-0.99971253  0.02397704],[-1.00000000e+00  1.21982892e-04],False,False,0.0007465095115861686,False,0
30.225737600485314,0.8611104488372803,0.5000000074505804,0.0,0.00467694144256825,[-0.99973249  0.02312851],[-1.00000000e+00  1.21982892e-04],False,False,-0.0003414262631480369,False,0
30.247248903315608,0.30312013626098633,0.5000000074505804,0.0,0.026644735418557275,[-0.99976236  0.02179942],[-1.00000000e+00  1.21982892e-04],False,False,0.021967793975989025,False,0
30.272167736061874,0.5443644523620605,0.5000000074505804,0.0,0.0249499062350651,[-0.99986058  0.01669869],[-1.00000000e+00  1.21982892e-04],False,False,-0.0016948291834921747,False,0
30.29349953934365,0.6208094954490662,0.5000000074505804,0.0,0.035081906433571675,[-0.99995458  0.00953127],[-1.00000000e+00  1.21982892e-04],False,False,0.010132000198506574,False,0
30.317832113235472,0.23285450041294098,0.5000000074505804,0.0,0.030814980783111068,[-9.99999940e-01  4.09038854e-04],[-1.00000000e+00  1.21982892e-04],False,False,-0.004266925650460607,False,0
30.34128863400902,0.7413027882575989,0.5000000074505804,0.0,0.04104392218766861,[-0.9999584  -0.00912359],[-0.99522799 -0.09757671],False,False,0.010228941404557546,False,0
30.36223967559481,0.12833210825920105,0.5000000074505804,0.0,0.03628940400919589,[-0.99983042 -0.01841623],[-0.99522799 -0.09757671],False,False,-0.004754518178472722,False,0
30.23877063499241,0.7089836597442627,0.5000000074505804,0.0,0.17015560567242005,[-0.99959129 -0.0285867 ],[-0.95551109 -0.29495516],False,False,0.13386620166322416,False,0
30.198315122655135,0.37975946068763733,0.5000000074505804,0.0,0.157785473393659,[-0.99849832 -0.05478228],[-0.95551109 -0.29495516],False,False,-0.012370132278761048,False,0
29.77744332223467,0.9228534698486328,0.5000000074505804,0.0,0.3926844939691705,[-0.99527222 -0.09712468],[-0.87706167 -0.48037782],False,False,0.23489902057551149,False,0
29.459142304058147,0.793576717376709,0.5000000074505804,0.0,0.36736022554237024,[-0.9873727  -0.15841454],[-0.87706167 -0.48037782],False,False,-0.025324268426800245,False,0
29.284869040918803,1.2778618335723877,0.5000000074505804,0.0,0.36401262004301316,[-0.9690221  -0.24697395],[-0.87706167 -0.48037782],False,False,-0.003347605499357087,False,0
28.563454868269297,1.2217845916748047,0.5000000074505804,0.0,0.598289570139741,[-0.9406985  -0.33924353],[-0.76224738 -0.64728582],False,False,0.2342769500967279,False,0
27.89465662908422,1.4909907579421997,0.5000000074505804,0.0,0.5901304399064884,[-0.89744484 -0.4411265 ],[-0.76224738 -0.64728582],False,False,-0.008159130233252654,False,0
26.810022659165384,1.5979030132293701,0.5000000074505804,0.0,0.7979765057759778,[-0.82970923 -0.55819547],[-0.57172334 -0.82044649],False,False,0.2078460658694894,False,0
25.985335518176427,1.6386798620224,0.5000000074505804,0.0,0.7656593932430269,[-0.7359702 -0.6770134],[-0.57172334 -0.82044649],False,False,-0.03231711253295089,False,0
24.861417727184953,1.849564552307129,0.5000000074505804,0.0,0.9004970888354364,[-0.61328977 -0.78985733],[-0.3433021  -0.93922502],False,False,0.13483769559240955,False,0
24.393045889355385,1.6180908679962158,0.5000000074505804,0.0,0.8087124950579891,[-0.46569777 -0.88494295],[-0.3433021  -0.93922502],False,False,-0.0917845937774473,False,0
24.23046458669309,1.527570366859436,0.5000000074505804,0.0,0.7460018991045558,[-0.30197635 -0.9533146 ],[-0.3433021  -0.93922502],False,False,-0.06271059595343331,False,0
24.27421611609536,1.5105855464935303,0.5000000074505804,0.0,0.6564644965297362,[-0.13851896 -0.99035919],[-0.09212637 -0.99574733],False,False,-0.08953740257481968,False,0
24.447262888183705,1.134103775024414,0.5000000074505804,0.0,0.5491748620971215,[ 0.01410695 -0.9999001 ],[-0.09212637 -0.99574733],False,False,-0.10728963443261463,False,0
24.561509341458304,1.0042226314544678,0.5000000074505804,0.0,0.48788146265169985,[ 0.14746411 -0.98906714],[-0.09212637 -0.99574733],False,False,-0.06129339944542167,False,0
24.917909693437032,1.0458483695983887,0.5000000074505804,0.0,0.2164990884464828,[ 0.26195452 -0.96508008],[-1.5179714e-04 -1.0000000e+00],False,False,-0.27138237420521705,False,0
25.099995902289898,0.42680326104164124,0.5000000074505804,0.0,0.15043126146264285,[ 0.34423044 -0.93888509],[-1.5179714e-04 -1.0000000e+00],False,False,-0.06606782698383995,False,0
25.22125208467758,0.45841801166534424,0.5000000074505804,0.0,0.1300565138812999,[ 0.38972175 -0.92093265],[-1.5179714e-04 -1.0000000e+00],False,False,-0.020374747581342945,False,0
25.13522745518747,0.9510288834571838,0.5000000074505804,0.0,-0.2950775848844387,[ 0.42251992 -0.90635365],[-1.52575958e-04 -1.00000000e+00],False,False,-0.4251340987657386,False,0
24.591900177887045,0.598785400390625,0.5000000074505804,0.0,-0.2986544092286749,[ 0.42701232 -0.90424579],[-1.52575958e-04 -1.00000000e+00],False,False,-0.003576824344236229,False,0
24.65037767421459,0.843212366104126,0.5000000074505804,0.0,-0.2866717263332248,[ 0.38332283 -0.92352909],[-1.52575958e-04 -1.00000000e+00],False,False,0.011982682895450125,False,0
24.68304782798354,1.3752270936965942,0.5000000074505804,0.0,-0.611871476357237,[ 0.3251704  -0.94551963],[-1.52575958e-04 -1.00000000e+00],False,False,-0.32519975002401225,False,0
24.29419238576506,1.1444647312164307,0.5000000074505804,0.0,-0.5718872808085962,[ 0.26268125 -0.96472853],[-1.52575958e-04 -1.00000000e+00],False,False,0.039984195548640855,False,0
23.88019712196127,1.233882188796997,0.5000000074505804,0.0,-0.547996729375086,[ 0.18534571 -0.98251092],[-1.52575958e-04 -1.00000000e+00],False,False,0.023890551433510154,False,0
23.752601577718288,1.53342604637146,0.5000000074505804,0.0,-0.6250905345382307,[ 0.08012116 -0.99661928],[-1.52575958e-04 -1.00000000e+00],False,False,-0.07709380516314468,False,0
23.969378693274457,1.1303147077560425,0.5000000074505804,0.0,-0.5317119157319325,[-0.03919779 -0.99914253],[-1.52575958e-04 -1.00000000e+00],False,False,0.09337861880629816,False,0
24.189279356589754,0.9472551345825195,0.5000000074505804,0.0,-0.46823054571061107,[-0.15774222 -0.98744953],[-1.52575958e-04 -1.00000000e+00],False,False,0.06348137002132148,False,0
24.338269074710553,1.1197031736373901,0.5000000074505804,0.0,-0.4382292170963069,[-0.26219878 -0.96500301],[-1.52575958e-04 -1.00000000e+00],False,False,0.030001328614304157,False,0
24.69665923178056,0.6221973299980164,0.5000000074505804,0.0,-0.0823813272714915,[-0.3558062  -0.93455601],[-1.52575958e-04 -1.00000000e+00],False,False,0.3558478898248154,False,0
24.886314615329464,0.10018516331911087,0.5000000074505804,0.0,-0.03831833041658683,[-0.41737038 -0.9087351 ],[-1.52575958e-04 -1.00000000e+00],False,False,0.04406299685490467,False,0
25.05702559491293,0.7502946257591248,0.5000000074505804,0.0,-0.03055686471941499,[-0.43530446 -0.9002828 ],[-1.52575958e-04 -1.00000000e+00],False,False,0.007761465697171843,False,0
24.969296945428532,0.8996782302856445,0.5000000074505804,0.0,0.41310525155961386,[-0.44254428 -0.89674646],[-1.52575958e-04 -1.00000000e+00],False,False,0.44366211627902885,False,0
24.568855002973052,0.8782598376274109,0.5000000074505804,0.0,0.40830801355838275,[-0.42847708 -0.90355259],[-1.52575958e-04 -1.00000000e+00],False,False,-0.004797238001231108,False,0
24.423899674447394,1.2433698177337646,0.5000000074505804,0.0,0.4011231010188112,[-0.36928701 -0.92931539],[-1.52575958e-04 -1.00000000e+00],False,False,-0.007184912539571542,False,0
23.66984351207132,1.4539659023284912,0.5000000074505804,0.0,0.703650131772747,[-0.28811389 -0.95759612],[-1.52575958e-04 -1.00000000e+00],False,False,0.30252703075393583,False,0
23.098084070837537,1.316225528717041,0.5000000074505804,0.0,0.6537008953240502,[-0.18870586 -0.98203361],[-1.52575958e-04 -1.00000000e+00],False,False,-0.049949236448696865,False,0
22.840830527080616,1.3908905982971191,0.5000000074505804,0.0,0.6227909208172377,[-0.06285018 -0.99802279],[-1.52575958e-04 -1.00000000e+00],False,False,-0.030909974506812432,False,0
22.9977495692349,1.4362916946411133,0.5000000074505804,0.0,0.5487629487864609,[ 0.07077678 -0.99749202],[-1.52575958e-04 -1.00000000e+00],False,False,-0.07402797203077682,False,0
23.22555279667979,0.9977127313613892,0.5000000074505804,0.0,0.44950337416776165,[ 0.19417477 -0.98096681],[-1.52575958e-04 -1.00000000e+00],False,False,-0.09925957461869928,False,0
23.395236695367323,0.790250301361084,0.5000000074505804,0.0,0.3915530675303103,[ 0.29790017 -0.95459694],[-1.52575958e-04 -1.00000000e+00],False,False,-0.057950306637451376,False,0
23.502245682507713,0.9971890449523926,0.5000000074505804,0.0,0.3675189474001854,[ 0.38451055 -0.9231205 ],[-1.52575958e-04 -1.00000000e+00],False,False,-0.024034120130124847,False,0
23.625323827799658,0.5507174730300903,0.5000000074505804,0.0,-0.09073576104992753,[ 0.46074706 -0.88753152],[-1.52575958e-04 -1.00000000e+00],False,False,-0.45825470845011296,False,0
23.320424305375106,0.2790394425392151,0.5000000074505804,0.0,-0.11972861818776437,[ 0.50574112 -0.86268526],[-1.52575958e-04 -1.00000000e+00],False,False,-0.028992857137836836,False,0
23.7683166224764,0.8370305895805359,0.5000000074505804,0.0,-0.12320174190267608,[ 0.49816394 -0.86700141],[-1.52575958e-04 -1.00000000e+00],False,False,-0.003473123714911708,False,0
23.553654841088925,1.2428886890411377,0.5000000074505804,0.0,-0.6021723442156599,[ 0.47635698 -0.87905174],[-1.52575958e-04 -1.00000000e+00],False,False,-0.47897060231298383,False,0
5.768563284940549,1.206005334854126,0.5000000074505804,0.0,-0.5835386580531008,[ 0.43865877 -0.89846283],[-1.52575958e-04 -1.00000000e+00],True,False,0.018633686162559115,False,0
